Workbook

Sheet Payroll
A1: Driver | B1: Base Earnings | C1: Backhaul Pay | D1: Gross Pay | E1: FICA | F1: OASDI | G1: Federal Withholding | H1: State Withholding | I1: SDI | J1: FM Leave | K1: Family Support | L1: Insurance Premiums | M1: Credit Union Savings Club | N1: 401(k) Contribution | O1: HSA/FSA Health Deduction | P1: Health Insurance Premiums | Q1: Life Insurance Above 50k | R1: Total Deductions | S1: Fuel Reimb. | T1: Net Pay | U1: Status | V1: Pending Reason | W1: 401(k) Rate
A2: J. Carter | B2: 2100 | C2: 65 | D2: =B2+C2 -> 2165 | E2: =0.062*D2 -> 134.23 | F2: =0.0145*D2 -> 31.3925 | G2: =0.18*D2 -> 389.7 | H2: =0.035*D2 -> 75.775 | I2: =0.0045*D2 -> 9.7425 | J2: =0.0066*D2 -> 14.289 | K2: 0 | L2: 214.92 | M2: 0 | N2: =D2*W2 -> 64.95 | O2: 114.79 | P2: 0 | Q2: 0 | R2: =D2-E2-F2-G2-H2-I2-J2-K2-L2-M2-N2-O2-P2-Q2 -> 1115.211 | S2: 0 | T2: =D2-R2 -> 1049.789 | U2: Paid | V2: N/A | W2: 0.03
A3: M. Lopez | B3: 1910 | C3: 95 | D3: =B3+C3 -> 2005 | E3: =0.062*D3 -> 124.31 | F3: =0.0145*D3 -> 29.0725 | G3: =0.18*D3 -> 360.9 | H3: =0.035*D3 -> 70.175 | I3: =0.0045*D3 -> 9.0225 | J3: =0.0066*D3 -> 13.233 | K3: 79.68 | L3: 0 | M3: 42.09 | N3: =D3*W3 -> 0 | O3: 69.33 | P3: 0 | Q3: 0 | R3: =D3-E3-F3-G3-H3-I3-J3-K3-L3-M3-N3-O3-P3-Q3 -> 1207.187 | S3: 120 | T3: =D3-R3 -> 797.813 | U3: Pending | V3: Awaiting Receipts | W3: 0
A4: A. Kim | B4: 2155 | C4: 45 | D4: =B4+C4 -> 2200 | E4: =0.062*D4 -> 136.4 | F4: =0.0145*D4 -> 31.9 | G4: =0.18*D4 -> 396 | H4: =0.035*D4 -> 77 | I4: =0.0045*D4 -> 9.9 | J4: =0.0066*D4 -> 14.52 | K4: 0 | L4: 0 | M4: 30.98 | N4: =D4*W4 -> 132 | O4: 0 | P4: 0 | Q4: 0 | R4: =D4-E4-F4-G4-H4-I4-J4-K4-L4-M4-N4-O4-P4-Q4 -> 1371.3 | S4: 0 | T4: =D4-R4 -> 828.7 | U4: Paid | V4: N/A | W4: 0.06
A5: P. Patel | B5: 2020 | C5: 88 | D5: =B5+C5 -> 2108 | E5: =0.062*D5 -> 130.696 | F5: =0.0145*D5 -> 30.566 | G5: =0.18*D5 -> 379.44 | H5: =0.035*D5 -> 73.78 | I5: =0.0045*D5 -> 9.486 | J5: =0.0066*D5 -> 13.9128 | K5: 0 | L5: 0 | M5: 32.58 | N5: =D5*W5 -> 0 | O5: 0 | P5: 0 | Q5: 0 | R5: =D5-E5-F5-G5-H5-I5-J5-K5-L5-M5-N5-O5-P5-Q5 -> 1437.5392 | S5: 150 | T5: =D5-R5 -> 670.4608 | U5: Pending | V5: Awaiting Receipts | W5: 0
A6: K. Tanaka | B6: 2280 | C6: 45 | D6: =B6+C6 -> 2325 | E6: =0.062*D6 -> 144.15 | F6: =0.0145*D6 -> 33.7125 | G6: =0.18*D6 -> 418.5 | H6: =0.035*D6 -> 81.375 | I6: =0.0045*D6 -> 10.4625 | J6: =0.0066*D6 -> 15.345 | K6: 187.05 | L6: 0 | M6: 72.68 | N6: =D6*W6 -> 69.75 | O6: 26.5 | P6: 0 | Q6: 0 | R6: =D6-E6-F6-G6-H6-I6-J6-K6-L6-M6-N6-O6-P6-Q6 -> 1265.475 | S6: 0 | T6: =D6-R6 -> 1059.525 | U6: Pending | V6: Load Verification | W6: 0.03
A7: M. Chen | B7: 2090 | C7: 72 | D7: =B7+C7 -> 2162 | E7: =0.062*D7 -> 134.044 | F7: =0.0145*D7 -> 31.349 | G7: =0.18*D7 -> 389.16 | H7: =0.035*D7 -> 75.67 | I7: =0.0045*D7 -> 9.729 | J7: =0.0066*D7 -> 14.2692 | K7: 0 | L7: 0 | M7: 0 | N7: =D7*W7 -> 64.86 | O7: 0 | P7: 0 | Q7: 4.94 | R7: =D7-E7-F7-G7-H7-I7-J7-K7-L7-M7-N7-O7-P7-Q7 -> 1437.9788 | S7: 0 | T7: =D7-R7 -> 724.0212 | U7: Paid | V7: N/A | W7: 0.03
A8: S. Gomez | B8: 1975 | C8: 58 | D8: =B8+C8 -> 2033 | E8: =0.062*D8 -> 126.046 | F8: =0.0145*D8 -> 29.4785 | G8: =0.18*D8 -> 365.94 | H8: =0.035*D8 -> 71.155 | I8: =0.0045*D8 -> 9.1485 | J8: =0.0066*D8 -> 13.4178 | K8: 246.6 | L8: 146.97 | M8: 0 | N8: =D8*W8 -> 101.65 | O8: 0 | P8: 0 | Q8: 7.04 | R8: =D8-E8-F8-G8-H8-I8-J8-K8-L8-M8-N8-O8-P8-Q8 -> 915.5542 | S8: 0 | T8: =D8-R8 -> 1117.4458 | U8: Paid | V8: N/A | W8: 0.05
A9: L. Smith | B9: 2165 | C9: 81 | D9: =B9+C9 -> 2246 | E9: =0.062*D9 -> 139.252 | F9: =0.0145*D9 -> 32.567 | G9: =0.18*D9 -> 404.28 | H9: =0.035*D9 -> 78.61 | I9: =0.0045*D9 -> 10.107 | J9: =0.0066*D9 -> 14.8236 | K9: 0 | L9: 0 | M9: 45.02 | N9: =D9*W9 -> 0 | O9: 0 | P9: 111.66 | Q9: 0 | R9: =D9-E9-F9-G9-H9-I9-J9-K9-L9-M9-N9-O9-P9-Q9 -> 1409.6804 | S9: 0 | T9: =D9-R9 -> 836.3196 | U9: Pending | V9: Load Verification | W9: 0
A10: E. Brown | B10: 2110 | C10: 49 | D10: =B10+C10 -> 2159 | E10: =0.062*D10 -> 133.858 | F10: =0.0145*D10 -> 31.3055 | G10: =0.18*D10 -> 388.62 | H10: =0.035*D10 -> 75.565 | I10: =0.0045*D10 -> 9.7155 | J10: =0.0066*D10 -> 14.2494 | K10: 67.76 | L10: 0 | M10: 0 | N10: =D10*W10 -> 0 | O10: 24.17 | P10: 0 | Q10: 0 | R10: =D10-E10-F10-G10-H10-I10-J10-K10-L10-M10-N10-O10-P10-Q10 -> 1413.7566 | S10: 0 | T10: =D10-R10 -> 745.2434 | U10: Paid | V10: N/A | W10: 0
A11: N. Wilson | B11: 2080 | C11: 77 | D11: =B11+C11 -> 2157 | E11: =0.062*D11 -> 133.734 | F11: =0.0145*D11 -> 31.2765 | G11: =0.18*D11 -> 388.26 | H11: =0.035*D11 -> 75.495 | I11: =0.0045*D11 -> 9.7065 | J11: =0.0066*D11 -> 14.2362 | K11: 0 | L11: 0 | M11: 0 | N11: =D11*W11 -> 43.14 | O11: 0 | P11: 196.15 | Q11: 0 | R11: =D11-E11-F11-G11-H11-I11-J11-K11-L11-M11-N11-O11-P11-Q11 -> 1265.0018 | S11: 0 | T11: =D11-R11 -> 891.9982 | U11: Paid | V11: N/A | W11: 0.02
A12: O. Lee | B12: 2010 | C12: 63 | D12: =B12+C12 -> 2073 | E12: =0.062*D12 -> 128.526 | F12: =0.0145*D12 -> 30.0585 | G12: =0.18*D12 -> 373.14 | H12: =0.035*D12 -> 72.555 | I12: =0.0045*D12 -> 9.3285 | J12: =0.0066*D12 -> 13.6818 | K12: 50.51 | L12: 0 | M12: 0 | N12: =D12*W12 -> 0 | O12: 47.43 | P12: 0 | Q12: 0 | R12: =D12-E12-F12-G12-H12-I12-J12-K12-L12-M12-N12-O12-P12-Q12 -> 1347.7702 | S12: 0 | T12: =D12-R12 -> 725.2298 | U12: Paid | V12: N/A | W12: 0
A13: R. Johnson | B13: 2230 | C13: 69 | D13: 2299 | E13: 142.538 | F13: 33.3355 | G13: 413.82 | H13: 80.465 | I13: 10.3455 | J13: 15.1734 | K13: 0 | L13: 0 | M13: 48.75 | N13: 45.98 | O13: 22.3 | P13: 148 | Q13: 2.3 | R13: =D13-E13-F13-G13-H13-I13-J13-K13-L13-M13-N13-O13-P13-Q13 -> 1335.9926 | S13: 0 | T13: =D13-R13 -> 963.0074 | U13: Paid | V13: N/A | W13: =N13/B13 -> 0.020618834

Sheet Payroll Summary
A1: Metric | B1: Total
A2: Total Base Earnings | B2: =SUM(Payroll!B2:B13) -> 25125
A3: Total Backhaul Pay | B3: =SUM(Payroll!C2:C13) -> 807
A4: Total Gross Pay | B4: =SUM(Payroll!D2:D13) -> 25932
A5: Total FICA | B5: =SUM(Payroll!E2:E13) -> 1607.784
A6: Total OASDI | B6: =SUM(Payroll!F2:F13) -> 376.014
A7: Total Federal Withholding | B7: =SUM(Payroll!G2:G13) -> 4667.76
A8: Total State Withholding | B8: =SUM(Payroll!H2:H13) -> 907.62
A9: Total SDI | B9: =SUM(Payroll!I2:I13) -> 116.694
A10: Total FM Leave | B10: =SUM(Payroll!J2:J13) -> 171.1512
A11: Total Family Support | B11: =SUM(Payroll!K2:K13) -> 631.6
A12: Total Insurance Premiums | B12: =SUM(Payroll!L2:L13) -> 361.89
A13: Total Credit Union Savings Club | B13: =SUM(Payroll!M2:M13) -> 272.1
A14: Total 401(k) Contribution | B14: =SUM(Payroll!N2:N13) -> 522.33
A15: Total HSA/FSA Health Deduction | B15: =SUM(Payroll!O2:O13) -> 304.52
A16: Total Health Insurance Premiums | B16: =SUM(Payroll!P2:P13) -> 455.81
A17: Total Life Insurance Above 50k | B17: =SUM(Payroll!Q2:Q13) -> 14.28
A18: Total Deductions | B18: =SUM(Payroll!S2:S13) -> 270
A19: Total Fuel Reimb. | B19: =SUM(Payroll!T2:T13) -> 10409.553
A20: Total Net Pay | B20: =SUM(Payroll!U2:U13) -> 0
